Workbook

Sheet Setup
A1: 📋 Student Planner Configuration
A3: Semester Start | B3: 46032
A4: Semester Name | B4: Spring 2026
A5: Institution | B5: IIT Kanpur
A8: QUICK NAVIGATION
A9: 📊 Dashboard
A10: 📚 Courses
A11: ✅ Assignments
A12: 📅 Calendar
A13: 📖 Books
A14: 🎯 Habits
A16: 1. Update "Courses" sheet with your courses and schedule
A17: 2. Add assignments in "Assignments" sheet
A18: 3. Track daily habits in "Habits" sheet
A19: 4. View overview in "Dashboard" sheet
A20: 5. All formulas update automatically

Sheet Courses
A1: 📚 Courses
A2: Code | B2: Name | C2: Credits | D2: Current | E2: Target | F2: Days | G2: Times | H2: Progress
A3: CE612 | B3: Fluid Mechanics | C3: 4 | D3: 85 | E3: 90 | F3: Mon,Wed,Fri | G3: 09:00 | H3: =[@[Current]]-[@[Target]] -> 0
A4: CE613 | B4: Computational Methods | C4: 4 | D4: 78 | E4: 85 | F4: Tue,Thu | G4: 10:00
A5: CE614 | B5: Water Resources | C5: 3 | D5: 88 | E5: 92 | F5: Mon,Wed | G5: 14:00

Sheet Assignments
A1: ✅ Assignment Tracker
A2: Assignment | B2: Course | C2: Type | D2: Due Date | E2: Status | F2: Grade | G2: Days Left | H2: Notes
A3: Hydraulics Lab Report | B3: CE612 | C3: Lab | D3: 46044 | E3: In Progress | G3: =IF(D3="","",D3-TODAY()) -> 0 | H3: Complete analysis section
A4: CFD Project Proposal | B4: CE613 | C4: Project | D4: 46047 | E4: Pending | G4: =IF(D4="","",D4-TODAY()) -> 0 | H4: Needs team approval
A5: Water Quality Assessment | B5: CE614 | C5: Assignment | D5: 46040 | E5: In Progress | G5: =IF(D5="","",D5-TODAY()) -> 0 | H5: Fieldwork completed
A6: Computational Quiz | B6: CE613 | C6: Quiz | D6: 46037 | E6: Pending | G6: =IF(D6="","",D6-TODAY()) -> 0 | H6: Study notes ready

Sheet Habits
A1: 🎯 Habit Tracker - 31 Day Month | B1: =Setup!$B$3 + 0 -> 0 | C1: =Setup!$B$3 + 1 -> 0 | D1: =Setup!$B$3 + 2 -> 0 | E1: =Setup!$B$3 + 3 -> 0 | F1: =Setup!$B$3 + 4 -> 0 | G1: =Setup!$B$3 + 5 -> 0 | H1: =Setup!$B$3 + 6 -> 0 | I1: =Setup!$B$3 + 7 -> 0 | J1: =Setup!$B$3 + 8 -> 0 | K1: =Setup!$B$3 + 9 -> 0 | L1: =Setup!$B$3 + 10 -> 0 | M1: =Setup!$B$3 + 11 -> 0 | N1: =Setup!$B$3 + 12 -> 0 | O1: =Setup!$B$3 + 13 -> 0 | P1: =Setup!$B$3 + 14 -> 0 | Q1: =Setup!$B$3 + 15 -> 0 | R1: =Setup!$B$3 + 16 -> 0 | S1: =Setup!$B$3 + 17 -> 0 | T1: =Setup!$B$3 + 18 -> 0 | U1: =Setup!$B$3 + 19 -> 0 | V1: =Setup!$B$3 + 20 -> 0 | W1: =Setup!$B$3 + 21 -> 0 | X1: =Setup!$B$3 + 22 -> 0 | Y1: =Setup!$B$3 + 23 -> 0 | Z1: =Setup!$B$3 + 24 -> 0 | AA1: =Setup!$B$3 + 25 -> 0 | AB1: =Setup!$B$3 + 26 -> 0 | AC1: =Setup!$B$3 + 27 -> 0 | AD1: =Setup!$B$3 + 28 -> 0 | AE1: =Setup!$B$3 + 29 -> 0 | AF1: =Setup!$B$3 + 30 -> 0 | AG1: Score
A2: Study 2hrs | AG2: =COUNTIF(B2:AF2,"✓")/31 -> 0
A3: Gym/Exercise | AG3: =COUNTIF(B3:AF3,"✓")/31 -> 0
A4: Read 30min | AG4: =COUNTIF(B4:AF4,"✓")/31 -> 0
A5: Sleep 8hrs | AG5: =COUNTIF(B5:AF5,"✓")/31 -> 0
A6: Meditation | AG6: =COUNTIF(B6:AF6,"✓")/31 -> 0
A7: Code Practice | AG7: =COUNTIF(B7:AF7,"✓")/31 -> 0

Sheet Books
A1: 📖 Books Reading List
A2: Title | B2: Author | C2: Status | D2: Start Date | E2: Finish Date | F2: Rating | G2: Days Reading
A3: Fluids in Motion | B3: Joseph H. Spurk | C3: Reading | D3: 46006 | G3: =IF(D3="","",IF(E3<>"",E3-D3,TODAY()-D3)) -> 0
A4: The Elegant Universe | B4: Brian Greene | C4: Completed | D4: 45931 | E4: 46001 | F4: 5 | G4: =IF(D4="","",IF(E4<>"",E4-D4,TODAY()-D4)) -> 0

Sheet Calendar
A1: 📅 Monthly Calendar
A2: Date | B2: Day | C2: Events Due
A3: 1 | B3: =TEXT(=DATE(YEAR(Setup!$B$3), MONTH(Setup!$B$3), A2), "ddd") -> 0 | C3: =IFERROR(TEXTJOIN(", ",TRUE,IF(DAY(AssignTable[Due Date])=A2,AssignTable[Assignment]&" ("&AssignTable[Type]&")","")),"") -> 0
A4: 2 | B4: =TEXT(=DATE(YEAR(Setup!$B$3), MONTH(Setup!$B$3), A3), "ddd") -> 0 | C4: =IFERROR(TEXTJOIN(", ",TRUE,IF(DAY(AssignTable[Due Date])=A3,AssignTable[Assignment]&" ("&AssignTable[Type]&")","")),"") -> 0
A5: 3 | B5: =TEXT(=DATE(YEAR(Setup!$B$3), MONTH(Setup!$B$3), A4), "ddd") -> 0 | C5: =IFERROR(TEXTJOIN(", ",TRUE,IF(DAY(AssignTable[Due Date])=A4,AssignTable[Assignment]&" ("&AssignTable[Type]&")","")),"") -> 0
A6: 4 | B6: =TEXT(=DATE(YEAR(Setup!$B$3), MONTH(Setup!$B$3), A5), "ddd") -> 0 | C6: =IFERROR(TEXTJOIN(", ",TRUE,IF(DAY(AssignTable[Due Date])=A5,AssignTable[Assignment]&" ("&AssignTable[Type]&")","")),"") -> 0
A7: 5 | B7: =TEXT(=DATE(YEAR(Setup!$B$3), MONTH(Setup!$B$3), A6), "ddd") -> 0 | C7: =IFERROR(TEXTJOIN(", ",TRUE,IF(DAY(AssignTable[Due Date])=A6,AssignTable[Assignment]&" ("&AssignTable[Type]&")","")),"") -> 0
A8: 6 | B8: =TEXT(=DATE(YEAR(Setup!$B$3), MONTH(Setup!$B$3), A7), "ddd") -> 0 | C8: =IFERROR(TEXTJOIN(", ",TRUE,IF(DAY(AssignTable[Due Date])=A7,AssignTable[Assignment]&" ("&AssignTable[Type]&")","")),"") -> 0
A9: 7 | B9: =TEXT(=DATE(YEAR(Setup!$B$3), MONTH(Setup!$B$3), A8), "ddd") -> 0 | C9: =IFERROR(TEXTJOIN(", ",TRUE,IF(DAY(AssignTable[Due Date])=A8,AssignTable[Assignment]&" ("&AssignTable[Type]&")","")),"") -> 0
A10: 8 | B10: =TEXT(=DATE(YEAR(Setup!$B$3), MONTH(Setup!$B$3), A9), "ddd") -> 0 | C10: =IFERROR(TEXTJOIN(", ",TRUE,IF(DAY(AssignTable[Due Date])=A9,AssignTable[Assignment]&" ("&AssignTable[Type]&")","")),"") -> 0
A11: 9 | B11: =TEXT(=DATE(YEAR(Setup!$B$3), MONTH(Setup!$B$3), A10), "ddd") -> 0 | C11: =IFERROR(TEXTJOIN(", ",TRUE,IF(DAY(AssignTable[Due Date])=A10,AssignTable[Assignment]&" ("&AssignTable[Type]&")","")),"") -> 0
A12: 10 | B12: =TEXT(=DATE(YEAR(Setup!$B$3), MONTH(Setup!$B$3), A11), "ddd") -> 0 | C12: =IFERROR(TEXTJOIN(", ",TRUE,IF(DAY(AssignTable[Due Date])=A11,AssignTable[Assignment]&" ("&AssignTable[Type]&")","")),"") -> 0
A13: 11 | B13: =TEXT(=DATE(YEAR(Setup!$B$3), MONTH(Setup!$B$3), A12), "ddd") -> 0 | C13: =IFERROR(TEXTJOIN(", ",TRUE,IF(DAY(AssignTable[Due Date])=A12,AssignTable[Assignment]&" ("&AssignTable[Type]&")","")),"") -> 0
A14: 12 | B14: =TEXT(=DATE(YEAR(Setup!$B$3), MONTH(Setup!$B$3), A13), "ddd") -> 0 | C14: =IFERROR(TEXTJOIN(", ",TRUE,IF(DAY(AssignTable[Due Date])=A13,AssignTable[Assignment]&" ("&AssignTable[Type]&")","")),"") -> 0
... A33: 31 | B33: =TEXT(=DATE(YEAR(Setup!$B$3), MONTH(Setup!$B$3), A32), "ddd") -> 0 | C33: =IFERROR(TEXTJOIN(", ",TRUE,IF(DAY(AssignTable[Due Date])=A32,AssignTable[Assignment]&" ("&AssignTable[Type]&")","")),"") -> 0

Sheet Dashboard
A1: 🎓 Academic Dashboard - At a Glance
A4: QUICK STATS | F4: UPCOMING DEADLINES
A5: Average Grade | B5: =IFERROR(AVERAGE(CoursesTable[Current]),0) -> 0 | F5: Assignment | G5: Due In | H5: Status
A6: Assignments Due | B6: =COUNTIFS(AssignTable[Status],"Pending",AssignTable[Due Date],"<="&TODAY()+7) -> 0 | F6: =IFERROR(INDEX(AssignTable[Assignment],SMALL(IF(AssignTable[Days Left]>0,ROW(AssignTable[Days Left])-ROW(INDEX(AssignTable,1,1))+1),ROW(A1))),"") -> 0 | G6: =IFERROR(INDEX(AssignTable[Days Left],SMALL(IF(AssignTable[Days Left]>0,ROW(AssignTable[Days Left])-ROW(INDEX(AssignTable,1,1))+1),ROW(A1))),"") -> 0 | H6: =IFERROR(INDEX(AssignTable[Status],SMALL(IF(AssignTable[Days Left]>0,ROW(AssignTable[Days Left])-ROW(INDEX(AssignTable,1,1))+1),ROW(A1))),"") -> 0
A7: Completed Habits | B7: =IFERROR(AVERAGE(Habits!AG:AG),0) -> 0
A8: Books Reading | B8: =COUNTIF(Books!C:C,"Reading") -> 0
A11: COURSE STATUS
A12: Course | B12: Current | C12: Target | D12: Gap
A13: =INDEX(CoursesTable[Code],ROW()-12) -> 0 | B13: =INDEX(CoursesTable[Current],ROW()-12) -> 0 | C13: =INDEX(CoursesTable[Target],ROW()-12) -> 0 | D13: =IF(B13="","",B13-C13) -> 0
