Workbook

Sheet Setup
A1: Student Planner Setup
A3: Semester Start | B3: 46023
A4: Courses List | B4: {=_xlfn.UNIQUE(CoursesTable[Code])} -> 0
A11: Navigation
A12: → Assignments
A13: → Courses
A14: → Calendar
A15: → Habits
A16: → Books
A17: → Dashboard

Sheet Courses
A1: Code | B1: Name | C1: Credits | D1: Current Grade | E1: Target Grade | F1: Days | G1: Times | H1: Grade Progress
A2: CE612 | B2: Fluid Mechanics | C2: 4 | D2: 85 | E2: 90 | F2: Mon,Wed | G2: 09:00 | H2: =[@[Current Grade]]-[@[Target Grade]] -> 0
A3: CE613 | B3: Comp. Methods | C3: 4 | D3: 78 | E3: 85 | F3: Tue,Thu | G3: 10:00
A4: ART101 | B4: Art History | C4: 3 | D4: 92 | E4: 95 | F4: Fri | G4: 14:00

Sheet Assignments
A1: Assignment Name | B1: Course | C1: Type | D1: Due Date | E1: Status | F1: Grade | G1: Notes | H1: Days Left
A2: Lab Report 1 | B2: CE612 | C2: Lab | D2: 46037 | E2: Pending | G2: Important | H2: =IF([@[Due Date]]="","", [@[Due Date]]-TODAY()) -> 0
A3: Project Proposal | B3: CE613 | C3: Project | D3: 46042 | E3: In Progress | G3: Group Work
A4: Reading Quiz | B4: ART101 | C4: Quiz | D4: 46032 | E4: Done | F4: 95

Sheet Habits
A1: Habit Tracker | B1: =Setup!$B$3 + 0 -> 0 | C1: =Setup!$B$3 + 1 -> 0 | D1: =Setup!$B$3 + 2 -> 0 | E1: =Setup!$B$3 + 3 -> 0 | F1: =Setup!$B$3 + 4 -> 0 | G1: =Setup!$B$3 + 5 -> 0 | H1: =Setup!$B$3 + 6 -> 0 | I1: =Setup!$B$3 + 7 -> 0 | J1: =Setup!$B$3 + 8 -> 0 | K1: =Setup!$B$3 + 9 -> 0 | L1: =Setup!$B$3 + 10 -> 0 | M1: =Setup!$B$3 + 11 -> 0 | N1: =Setup!$B$3 + 12 -> 0 | O1: =Setup!$B$3 + 13 -> 0 | P1: =Setup!$B$3 + 14 -> 0 | Q1: =Setup!$B$3 + 15 -> 0 | R1: =Setup!$B$3 + 16 -> 0 | S1: =Setup!$B$3 + 17 -> 0 | T1: =Setup!$B$3 + 18 -> 0 | U1: =Setup!$B$3 + 19 -> 0 | V1: =Setup!$B$3 + 20 -> 0 | W1: =Setup!$B$3 + 21 -> 0 | X1: =Setup!$B$3 + 22 -> 0 | Y1: =Setup!$B$3 + 23 -> 0 | Z1: =Setup!$B$3 + 24 -> 0 | AA1: =Setup!$B$3 + 25 -> 0 | AB1: =Setup!$B$3 + 26 -> 0 | AC1: =Setup!$B$3 + 27 -> 0 | AD1: =Setup!$B$3 + 28 -> 0 | AE1: =Setup!$B$3 + 29 -> 0 | AF1: =Setup!$B$3 + 30 -> 0 | AG1: Score
A2: Study 2hrs | AG2: =IF(COUNTA(B2:AF2)=0,0,COUNTIF(B2:AF2,"TRUE")/COUNTA(B2:AF2)) -> 0
A3: Gym
A4: Read 30min
A5: Drink Water
A6: Sleep 8hrs

Sheet Books
A1: Title | B1: Author | C1: Status | D1: Start | E1: Finish | F1: Rating | G1: Days Reading
G2: =IF([@Start]="","",IF([@Finish]<>"",[@Finish]-[@Start],TODAY()-[@Start])) -> 0

Sheet Calendar
A1: Day | B1: Weekday | C1: Events
A2: 1 | B2: =TEXT(=DATE(YEAR(Setup!$B$3), MONTH(Setup!$B$3), A2), "ddd") -> 0 | C2: {==TEXTJOIN(", ", TRUE, IF(DAY(AssignTable[Due Date])=A2, AssignTable[Assignment Name], ""))} -> 0
A3: 2 | B3: =TEXT(=DATE(YEAR(Setup!$B$3), MONTH(Setup!$B$3), A3), "ddd") -> 0 | C3: {==TEXTJOIN(", ", TRUE, IF(DAY(AssignTable[Due Date])=A3, AssignTable[Assignment Name], ""))} -> 0
A4: 3 | B4: =TEXT(=DATE(YEAR(Setup!$B$3), MONTH(Setup!$B$3), A4), "ddd") -> 0 | C4: {==TEXTJOIN(", ", TRUE, IF(DAY(AssignTable[Due Date])=A4, AssignTable[Assignment Name], ""))} -> 0
A5: 4 | B5: =TEXT(=DATE(YEAR(Setup!$B$3), MONTH(Setup!$B$3), A5), "ddd") -> 0 | C5: {==TEXTJOIN(", ", TRUE, IF(DAY(AssignTable[Due Date])=A5, AssignTable[Assignment Name], ""))} -> 0
A6: 5 | B6: =TEXT(=DATE(YEAR(Setup!$B$3), MONTH(Setup!$B$3), A6), "ddd") -> 0 | C6: {==TEXTJOIN(", ", TRUE, IF(DAY(AssignTable[Due Date])=A6, AssignTable[Assignment Name], ""))} -> 0
A7: 6 | B7: =TEXT(=DATE(YEAR(Setup!$B$3), MONTH(Setup!$B$3), A7), "ddd") -> 0 | C7: {==TEXTJOIN(", ", TRUE, IF(DAY(AssignTable[Due Date])=A7, AssignTable[Assignment Name], ""))} -> 0
A8: 7 | B8: =TEXT(=DATE(YEAR(Setup!$B$3), MONTH(Setup!$B$3), A8), "ddd") -> 0 | C8: {==TEXTJOIN(", ", TRUE, IF(DAY(AssignTable[Due Date])=A8, AssignTable[Assignment Name], ""))} -> 0
A9: 8 | B9: =TEXT(=DATE(YEAR(Setup!$B$3), MONTH(Setup!$B$3), A9), "ddd") -> 0 | C9: {==TEXTJOIN(", ", TRUE, IF(DAY(AssignTable[Due Date])=A9, AssignTable[Assignment Name], ""))} -> 0
A10: 9 | B10: =TEXT(=DATE(YEAR(Setup!$B$3), MONTH(Setup!$B$3), A10), "ddd") -> 0 | C10: {==TEXTJOIN(", ", TRUE, IF(DAY(AssignTable[Due Date])=A10, AssignTable[Assignment Name], ""))} -> 0
A11: 10 | B11: =TEXT(=DATE(YEAR(Setup!$B$3), MONTH(Setup!$B$3), A11), "ddd") -> 0 | C11: {==TEXTJOIN(", ", TRUE, IF(DAY(AssignTable[Due Date])=A11, AssignTable[Assignment Name], ""))} -> 0
A12: 11 | B12: =TEXT(=DATE(YEAR(Setup!$B$3), MONTH(Setup!$B$3), A12), "ddd") -> 0 | C12: {==TEXTJOIN(", ", TRUE, IF(DAY(AssignTable[Due Date])=A12, AssignTable[Assignment Name], ""))} -> 0
A13: 12 | B13: =TEXT(=DATE(YEAR(Setup!$B$3), MONTH(Setup!$B$3), A13), "ddd") -> 0 | C13: {==TEXTJOIN(", ", TRUE, IF(DAY(AssignTable[Due Date])=A13, AssignTable[Assignment Name], ""))} -> 0
... A32: 31 | B32: =TEXT(=DATE(YEAR(Setup!$B$3), MONTH(Setup!$B$3), A32), "ddd") -> 0 | C32: {==TEXTJOIN(", ", TRUE, IF(DAY(AssignTable[Due Date])=A32, AssignTable[Assignment Name], ""))} -> 0

Sheet Dashboard
A1: 🎓 Ultimate Student Dashboard
A4: Avg Grade | B4: =IFERROR(AVERAGE(CoursesTable[Current Grade]), 0) -> 0
A5: Assignments Due | B5: =COUNTIFS(AssignTable[Status],"Pending",AssignTable[Due Date],"<="&TODAY()+7) -> 0
A6: Habit Score | B6: =AVERAGE(Habits!AG:AG) -> 0
A12: Select Course: | B12: Mon | C12: Tue | D12: Wed | E12: Thu | F12: Fri
A13: CE612
A14: 08:00 | B14: =IF(SUMPRODUCT((CoursesTable[Code]=$A$13)*(ISNUMBER(SEARCH("Mon",CoursesTable[Days])))*(CoursesTable[Times]=$A14)), "CLASS", "") -> 0 | C14: =IF(SUMPRODUCT((CoursesTable[Code]=$A$13)*(ISNUMBER(SEARCH("Tue",CoursesTable[Days])))*(CoursesTable[Times]=$A14)), "CLASS", "") -> 0 | D14: =IF(SUMPRODUCT((CoursesTable[Code]=$A$13)*(ISNUMBER(SEARCH("Wed",CoursesTable[Days])))*(CoursesTable[Times]=$A14)), "CLASS", "") -> 0 | E14: =IF(SUMPRODUCT((CoursesTable[Code]=$A$13)*(ISNUMBER(SEARCH("Thu",CoursesTable[Days])))*(CoursesTable[Times]=$A14)), "CLASS", "") -> 0 | F14: =IF(SUMPRODUCT((CoursesTable[Code]=$A$13)*(ISNUMBER(SEARCH("Fri",CoursesTable[Days])))*(CoursesTable[Times]=$A14)), "CLASS", "") -> 0
A15: 09:00 | B15: =IF(SUMPRODUCT((CoursesTable[Code]=$A$13)*(ISNUMBER(SEARCH("Mon",CoursesTable[Days])))*(CoursesTable[Times]=$A15)), "CLASS", "") -> 0 | C15: =IF(SUMPRODUCT((CoursesTable[Code]=$A$13)*(ISNUMBER(SEARCH("Tue",CoursesTable[Days])))*(CoursesTable[Times]=$A15)), "CLASS", "") -> 0 | D15: =IF(SUMPRODUCT((CoursesTable[Code]=$A$13)*(ISNUMBER(SEARCH("Wed",CoursesTable[Days])))*(CoursesTable[Times]=$A15)), "CLASS", "") -> 0 | E15: =IF(SUMPRODUCT((CoursesTable[Code]=$A$13)*(ISNUMBER(SEARCH("Thu",CoursesTable[Days])))*(CoursesTable[Times]=$A15)), "CLASS", "") -> 0 | F15: =IF(SUMPRODUCT((CoursesTable[Code]=$A$13)*(ISNUMBER(SEARCH("Fri",CoursesTable[Days])))*(CoursesTable[Times]=$A15)), "CLASS", "") -> 0
A16: 10:00 | B16: =IF(SUMPRODUCT((CoursesTable[Code]=$A$13)*(ISNUMBER(SEARCH("Mon",CoursesTable[Days])))*(CoursesTable[Times]=$A16)), "CLASS", "") -> 0 | C16: =IF(SUMPRODUCT((CoursesTable[Code]=$A$13)*(ISNUMBER(SEARCH("Tue",CoursesTable[Days])))*(CoursesTable[Times]=$A16)), "CLASS", "") -> 0 | D16: =IF(SUMPRODUCT((CoursesTable[Code]=$A$13)*(ISNUMBER(SEARCH("Wed",CoursesTable[Days])))*(CoursesTable[Times]=$A16)), "CLASS", "") -> 0 | E16: =IF(SUMPRODUCT((CoursesTable[Code]=$A$13)*(ISNUMBER(SEARCH("Thu",CoursesTable[Days])))*(CoursesTable[Times]=$A16)), "CLASS", "") -> 0 | F16: =IF(SUMPRODUCT((CoursesTable[Code]=$A$13)*(ISNUMBER(SEARCH("Fri",CoursesTable[Days])))*(CoursesTable[Times]=$A16)), "CLASS", "") -> 0
A17: 11:00 | B17: =IF(SUMPRODUCT((CoursesTable[Code]=$A$13)*(ISNUMBER(SEARCH("Mon",CoursesTable[Days])))*(CoursesTable[Times]=$A17)), "CLASS", "") -> 0 | C17: =IF(SUMPRODUCT((CoursesTable[Code]=$A$13)*(ISNUMBER(SEARCH("Tue",CoursesTable[Days])))*(CoursesTable[Times]=$A17)), "CLASS", "") -> 0 | D17: =IF(SUMPRODUCT((CoursesTable[Code]=$A$13)*(ISNUMBER(SEARCH("Wed",CoursesTable[Days])))*(CoursesTable[Times]=$A17)), "CLASS", "") -> 0 | E17: =IF(SUMPRODUCT((CoursesTable[Code]=$A$13)*(ISNUMBER(SEARCH("Thu",CoursesTable[Days])))*(CoursesTable[Times]=$A17)), "CLASS", "") -> 0 | F17: =IF(SUMPRODUCT((CoursesTable[Code]=$A$13)*(ISNUMBER(SEARCH("Fri",CoursesTable[Days])))*(CoursesTable[Times]=$A17)), "CLASS", "") -> 0
A18: 12:00 | B18: =IF(SUMPRODUCT((CoursesTable[Code]=$A$13)*(ISNUMBER(SEARCH("Mon",CoursesTable[Days])))*(CoursesTable[Times]=$A18)), "CLASS", "") -> 0 | C18: =IF(SUMPRODUCT((CoursesTable[Code]=$A$13)*(ISNUMBER(SEARCH("Tue",CoursesTable[Days])))*(CoursesTable[Times]=$A18)), "CLASS", "") -> 0 | D18: =IF(SUMPRODUCT((CoursesTable[Code]=$A$13)*(ISNUMBER(SEARCH("Wed",CoursesTable[Days])))*(CoursesTable[Times]=$A18)), "CLASS", "") -> 0 | E18: =IF(SUMPRODUCT((CoursesTable[Code]=$A$13)*(ISNUMBER(SEARCH("Thu",CoursesTable[Days])))*(CoursesTable[Times]=$A18)), "CLASS", "") -> 0 | F18: =IF(SUMPRODUCT((CoursesTable[Code]=$A$13)*(ISNUMBER(SEARCH("Fri",CoursesTable[Days])))*(CoursesTable[Times]=$A18)), "CLASS", "") -> 0
A19: 13:00 | B19: =IF(SUMPRODUCT((CoursesTable[Code]=$A$13)*(ISNUMBER(SEARCH("Mon",CoursesTable[Days])))*(CoursesTable[Times]=$A19)), "CLASS", "") -> 0 | C19: =IF(SUMPRODUCT((CoursesTable[Code]=$A$13)*(ISNUMBER(SEARCH("Tue",CoursesTable[Days])))*(CoursesTable[Times]=$A19)), "CLASS", "") -> 0 | D19: =IF(SUMPRODUCT((CoursesTable[Code]=$A$13)*(ISNUMBER(SEARCH("Wed",CoursesTable[Days])))*(CoursesTable[Times]=$A19)), "CLASS", "") -> 0 | E19: =IF(SUMPRODUCT((CoursesTable[Code]=$A$13)*(ISNUMBER(SEARCH("Thu",CoursesTable[Days])))*(CoursesTable[Times]=$A19)), "CLASS", "") -> 0 | F19: =IF(SUMPRODUCT((CoursesTable[Code]=$A$13)*(ISNUMBER(SEARCH("Fri",CoursesTable[Days])))*(CoursesTable[Times]=$A19)), "CLASS", "") -> 0
A20: 14:00 | B20: =IF(SUMPRODUCT((CoursesTable[Code]=$A$13)*(ISNUMBER(SEARCH("Mon",CoursesTable[Days])))*(CoursesTable[Times]=$A20)), "CLASS", "") -> 0 | C20: =IF(SUMPRODUCT((CoursesTable[Code]=$A$13)*(ISNUMBER(SEARCH("Tue",CoursesTable[Days])))*(CoursesTable[Times]=$A20)), "CLASS", "") -> 0 | D20: =IF(SUMPRODUCT((CoursesTable[Code]=$A$13)*(ISNUMBER(SEARCH("Wed",CoursesTable[Days])))*(CoursesTable[Times]=$A20)), "CLASS", "") -> 0 | E20: =IF(SUMPRODUCT((CoursesTable[Code]=$A$13)*(ISNUMBER(SEARCH("Thu",CoursesTable[Days])))*(CoursesTable[Times]=$A20)), "CLASS", "") -> 0 | F20: =IF(SUMPRODUCT((CoursesTable[Code]=$A$13)*(ISNUMBER(SEARCH("Fri",CoursesTable[Days])))*(CoursesTable[Times]=$A20)), "CLASS", "") -> 0
A21: 15:00 | B21: =IF(SUMPRODUCT((CoursesTable[Code]=$A$13)*(ISNUMBER(SEARCH("Mon",CoursesTable[Days])))*(CoursesTable[Times]=$A21)), "CLASS", "") -> 0 | C21: =IF(SUMPRODUCT((CoursesTable[Code]=$A$13)*(ISNUMBER(SEARCH("Tue",CoursesTable[Days])))*(CoursesTable[Times]=$A21)), "CLASS", "") -> 0 | D21: =IF(SUMPRODUCT((CoursesTable[Code]=$A$13)*(ISNUMBER(SEARCH("Wed",CoursesTable[Days])))*(CoursesTable[Times]=$A21)), "CLASS", "") -> 0 | E21: =IF(SUMPRODUCT((CoursesTable[Code]=$A$13)*(ISNUMBER(SEARCH("Thu",CoursesTable[Days])))*(CoursesTable[Times]=$A21)), "CLASS", "") -> 0 | F21: =IF(SUMPRODUCT((CoursesTable[Code]=$A$13)*(ISNUMBER(SEARCH("Fri",CoursesTable[Days])))*(CoursesTable[Times]=$A21)), "CLASS", "") -> 0
A22: 16:00 | B22: =IF(SUMPRODUCT((CoursesTable[Code]=$A$13)*(ISNUMBER(SEARCH("Mon",CoursesTable[Days])))*(CoursesTable[Times]=$A22)), "CLASS", "") -> 0 | C22: =IF(SUMPRODUCT((CoursesTable[Code]=$A$13)*(ISNUMBER(SEARCH("Tue",CoursesTable[Days])))*(CoursesTable[Times]=$A22)), "CLASS", "") -> 0 | D22: =IF(SUMPRODUCT((CoursesTable[Code]=$A$13)*(ISNUMBER(SEARCH("Wed",CoursesTable[Days])))*(CoursesTable[Times]=$A22)), "CLASS", "") -> 0 | E22: =IF(SUMPRODUCT((CoursesTable[Code]=$A$13)*(ISNUMBER(SEARCH("Thu",CoursesTable[Days])))*(CoursesTable[Times]=$A22)), "CLASS", "") -> 0 | F22: =IF(SUMPRODUCT((CoursesTable[Code]=$A$13)*(ISNUMBER(SEARCH("Fri",CoursesTable[Days])))*(CoursesTable[Times]=$A22)), "CLASS", "") -> 0
A23: 17:00 | B23: =IF(SUMPRODUCT((CoursesTable[Code]=$A$13)*(ISNUMBER(SEARCH("Mon",CoursesTable[Days])))*(CoursesTable[Times]=$A23)), "CLASS", "") -> 0 | C23: =IF(SUMPRODUCT((CoursesTable[Code]=$A$13)*(ISNUMBER(SEARCH("Tue",CoursesTable[Days])))*(CoursesTable[Times]=$A23)), "CLASS", "") -> 0 | D23: =IF(SUMPRODUCT((CoursesTable[Code]=$A$13)*(ISNUMBER(SEARCH("Wed",CoursesTable[Days])))*(CoursesTable[Times]=$A23)), "CLASS", "") -> 0 | E23: =IF(SUMPRODUCT((CoursesTable[Code]=$A$13)*(ISNUMBER(SEARCH("Thu",CoursesTable[Days])))*(CoursesTable[Times]=$A23)), "CLASS", "") -> 0 | F23: =IF(SUMPRODUCT((CoursesTable[Code]=$A$13)*(ISNUMBER(SEARCH("Fri",CoursesTable[Days])))*(CoursesTable[Times]=$A23)), "CLASS", "") -> 0
